{"cameraMode":{"drawMode":0,"name":"Shaded","section":"Shading Mode"},"sceneLighting":true,"audioPlay":false,"sceneViewState":{"m_AlwaysRefresh":false,"showFog":true,"showSkybox":true,"showFlares":true,"showImageEffects":true,"showParticleSystems":true,"showVisualEffectGraphs":true,"m_FxEnabled":true},"in2DMode":false,"pivot":{"x":1.7384366989135743,"y":15.107351303100586,"z":2.5164151191711427},"rotation":{"x":0.0014728117967024446,"y":0.2825445532798767,"z":-0.007864581421017647,"w":-0.9624567031860352},"size":4.590635776519775,"orthographic":false}