{"cameraMode":{"drawMode":0,"name":"Shaded","section":"Shading Mode"},"sceneLighting":true,"audioPlay":false,"sceneViewState":{"m_AlwaysRefresh":false,"showFog":true,"showSkybox":true,"showFlares":true,"showImageEffects":true,"showParticleSystems":true,"showVisualEffectGraphs":true,"m_FxEnabled":true},"in2DMode":false,"pivot":{"x":-8.084772109985352,"y":0.005214691162109375,"z":-38.56734848022461},"rotation":{"x":-0.48733144998550417,"y":-0.0011547108879312873,"z":0.0010197495575994254,"w":-0.8736716508865356},"size":17.16881561279297,"orthographic":false}