{"cameraMode":{"drawMode":0,"name":"Shaded","section":"Shading Mode"},"sceneLighting":true,"audioPlay":false,"sceneViewState":{"m_AlwaysRefresh":false,"showFog":true,"showSkybox":true,"showFlares":true,"showImageEffects":true,"showParticleSystems":true,"showVisualEffectGraphs":true,"m_FxEnabled":true},"in2DMode":false,"pivot":{"x":11.919732093811036,"y":5.9903178215026859,"z":-7.951061248779297},"rotation":{"x":-0.017915209755301477,"y":0.9649146795272827,"z":-0.2769618034362793,"w":-0.046419959515333179},"size":2.0461678504943849,"orthographic":false}